run_idx,prompt_version,temperature,pmid,block_id,candidate_drugs,candidate_genes,candidate_drug_count,candidate_gene_count,drug,gene,interaction,interaction_type,directionality,evidence,error_message
0,v1,0,14977850,0,TRAIL;doxorubicin hydrochloride;etoposide;oxaliplatin,TNFSF10,4,1,TRAIL,TNFSF10,true,cytotoxic/apoptotic,activating,TRAIL-induced cytolysis... A highly synergistic cytotoxic effect of the combination of TRAIL with any of the antiblastic used,
0,v1,0,14977850,0,TRAIL;doxorubicin hydrochloride;etoposide;oxaliplatin,TNFSF10,4,1,doxorubicin hydrochloride,TNFSF10,true,synergistic cytotoxic,activating,synergistic cytotoxic effect of the combination of TRAIL with any of the antiblastic used in this study,
0,v1,0,14977850,0,TRAIL;doxorubicin hydrochloride;etoposide;oxaliplatin,TNFSF10,4,1,etoposide,TNFSF10,true,synergistic cytotoxic,activating,synergistic cytotoxic effect of the combination of TRAIL with any of the antiblastic used in this study,
0,v1,0,14977850,0,TRAIL;doxorubicin hydrochloride;etoposide;oxaliplatin,TNFSF10,4,1,oxaliplatin,TNFSF10,true,synergistic cytotoxic,activating,synergistic cytotoxic effect of the combination of TRAIL with any of the antiblastic used in this study,
0,v1,0,16684279,1,MPA;calcipotriene,TP53,2,1,calcipotriene,TP53,true,expression regulation,inhibiting,both calcipotriol and MPA decrease the p53 and ki-67 expression and increase bcl-2 expression,
0,v1,0,16684279,1,MPA;calcipotriene,TP53,2,1,MPA,TP53,true,expression regulation,inhibiting,both calcipotriol and MPA decrease the p53 and ki-67 expression and increase bcl-2 expression,
0,v1,0,16141680,2,"","",0,0,,,,,,,
0,v1,0,24749893,3,"","",0,0,,,,,,,
0,v1,0,12576461,4,gefitinib;tyrosine,EGFR,2,1,gefitinib,EGFR,true,inhibition,inhibiting,"ZD1839 (""Iressa""), a selective EGFR tyrosine kinase inhibitor, were administered as single agents and in combination",
0,v1,0,8900367,5,"","",0,0,,,,,,,
0,v1,0,11391574,6,"","",0,0,,,,,,,
0,v1,0,21159314,7,ribavirin,IFNA1,1,1,,,,,,,
0,v1,0,9615758,8,"","",0,0,,,,,,,
0,v1,0,8324744,9,"","",0,0,,,,,,,
0,v1,0,16001273,10,oxygen,BAX,1,1,oxygen,BAX,true,expression,unclear,Staining for Bax protein did not demonstrate significant change after treatment.,
0,v1,0,11236678,11,biotin;oxygen,BAX,2,1,oxygen,BAX,true,expression,unclear,The expression of protein Bax in hippocampus CA1 was not changed significantly in HBOT groups.,
0,v1,0,14503796,12,cyclophosphamide anhydrous;epinephrine;epirubicin,TCEAL1,3,1,,,,,,,
0,v1,0,7588311,13,"","",0,0,,,,,,,
0,v1,0,11350408,14,bleomycin;cisplatin;etoposide,BAX;TP53,3,2,bleomycin,TP53,true,response prediction,unclear,only p53 immunoreactivity could be used to predict the response to chemotherapy,
0,v1,0,11350408,14,bleomycin;cisplatin;etoposide,BAX;TP53,3,2,etoposide,TP53,true,response prediction,unclear,only p53 immunoreactivity could be used to predict the response to chemotherapy,
0,v1,0,11350408,14,bleomycin;cisplatin;etoposide,BAX;TP53,3,2,cisplatin,TP53,true,response prediction,unclear,only p53 immunoreactivity could be used to predict the response to chemotherapy,
0,v1,0,11350408,14,bleomycin;cisplatin;etoposide,BAX;TP53,3,2,bleomycin,BAX,true,response association,unclear,incidence of p53 and bax immunoreactivity in testicular GCTs is higher than that of bcl-2 immunoreactivity,
0,v1,0,11350408,14,bleomycin;cisplatin;etoposide,BAX;TP53,3,2,etoposide,BAX,true,response association,unclear,bax immunostaining intensity and score had statistically higher mean values in the nonseminoma than in seminoma GCTs,
0,v1,0,11350408,14,bleomycin;cisplatin;etoposide,BAX;TP53,3,2,cisplatin,BAX,true,response association,unclear,bax immunostaining intensity and score had statistically higher mean values in the nonseminoma than in seminoma GCTs,
0,v1,0,9726816,15,Ditiocarb;Prolinedithiocarbamate;Prolinethiuramdisulfide;diethyldithiocarbamate;disulfiram,CDKN1B;NFKB1;SLC12A9;TCEAL1;TP53,5,5,Prolinethiuramdisulfide,TP53,true,activation,activating,PTDS and DTDS induced apoptosis and G1/S arrest mediated by p53,
0,v1,0,9726816,15,Ditiocarb;Prolinedithiocarbamate;Prolinethiuramdisulfide;diethyldithiocarbamate;disulfiram,CDKN1B;NFKB1;SLC12A9;TCEAL1;TP53,5,5,disulfiram,TP53,true,activation,activating,PTDS and DTDS induced apoptosis and G1/S arrest mediated by p53,
0,v1,0,9726816,15,Ditiocarb;Prolinedithiocarbamate;Prolinethiuramdisulfide;diethyldithiocarbamate;disulfiram,CDKN1B;NFKB1;SLC12A9;TCEAL1;TP53,5,5,Prolinedithiocarbamate,TP53,true,activation,activating,"PDTC, DDTC, and ADTC induced p53-dependent p21 expression leading to G1/S arrest",
0,v1,0,9726816,15,Ditiocarb;Prolinedithiocarbamate;Prolinethiuramdisulfide;diethyldithiocarbamate;disulfiram,CDKN1B;NFKB1;SLC12A9;TCEAL1;TP53,5,5,diethyldithiocarbamate,TP53,true,activation,activating,"PDTC, DDTC, and ADTC induced p53-dependent p21 expression leading to G1/S arrest",
0,v1,0,9726816,15,Ditiocarb;Prolinedithiocarbamate;Prolinethiuramdisulfide;diethyldithiocarbamate;disulfiram,CDKN1B;NFKB1;SLC12A9;TCEAL1;TP53,5,5,Prolinedithiocarbamate,CDKN1B,true,activation,activating,"PDTC, DDTC, and ADTC induced p21/KIP1/CIP1 expression in a p53-dependent pathway leading to G1/S arrest",
0,v1,0,9726816,15,Ditiocarb;Prolinedithiocarbamate;Prolinethiuramdisulfide;diethyldithiocarbamate;disulfiram,CDKN1B;NFKB1;SLC12A9;TCEAL1;TP53,5,5,diethyldithiocarbamate,CDKN1B,true,activation,activating,"PDTC, DDTC, and ADTC induced p21/KIP1/CIP1 expression in a p53-dependent pathway leading to G1/S arrest",
0,v1,0,9726816,15,Ditiocarb;Prolinedithiocarbamate;Prolinethiuramdisulfide;diethyldithiocarbamate;disulfiram,CDKN1B;NFKB1;SLC12A9;TCEAL1;TP53,5,5,Prolinethiuramdisulfide,NFKB1,true,inhibition,inhibiting,NFkappaB and AP-1 cooperatively decreased their DNA-binding activities...after treatment with PTDS,
0,v1,0,9726816,15,Ditiocarb;Prolinedithiocarbamate;Prolinethiuramdisulfide;diethyldithiocarbamate;disulfiram,CDKN1B;NFKB1;SLC12A9;TCEAL1;TP53,5,5,disulfiram,NFKB1,true,inhibition,inhibiting,NFkappaB...were downregulated during PTDS- and DTDS-induced apoptosis,
0,v1,0,17007374,16,erythromycin,BAX,1,1,erythromycin,BAX,true,expression increase,activating,Erythromycin promoted expression of Bax and apoptosis of epithelial cell in nasal polyps.,
0,v1,0,9868803,17,"","",0,0,,,,,,,
0,v1,0,22595423,18,"","",0,0,,,,,,,
0,v1,0,16190549,19,ribavirin,BCL2;IFNA2;TP53,1,3,ribavirin,TP53,true,expression modulation,activating,The highest increase in p53 protein expression was observed in tissues in which interferon alpha decreased inflammatory activity,
0,v1,0,16190549,19,ribavirin,BCL2;IFNA2;TP53,1,3,ribavirin,BCL2,true,expression modulation,inhibiting,"IFNa2b+RBV therapy diminished bcl2 positive cell percentage, specifically in patients with eliminated HCV",
0,v1,0,15902734,20,"","",0,0,,,,,,,
0,v1,0,15158075,21,"","",0,0,,,,,,,
0,v1,0,11836847,22,"","",0,0,,,,,,,
0,v1,0,10220568,23,"","",0,0,,,,,,,
0,v1,0,16634840,24,Cyclic adenosine monophosphate;PD98059;Wortmannin;dimethyl sulfoxide,AKT1;BAX;BCL2;C5;CREB1;EPHB2;PIK3CA,4,7,Cyclic adenosine monophosphate,CREB1,true,regulation,activating,cAMP-response element-binding protein (CREB) transcription factor mediates these effects through the phosphatidylinositol 3-kinase (PI3K)/Akt and ERK signalling pathways,
0,v1,0,16634840,24,Cyclic adenosine monophosphate;PD98059;Wortmannin;dimethyl sulfoxide,AKT1;BAX;BCL2;C5;CREB1;EPHB2;PIK3CA,4,7,Wortmannin,BCL2,true,inhibition of expression,inhibiting,C5a significantly increased the expression of Bcl2 mRNA...was abrogated in the presence of either wortmannin or PD98059,
0,v1,0,16634840,24,Cyclic adenosine monophosphate;PD98059;Wortmannin;dimethyl sulfoxide,AKT1;BAX;BCL2;C5;CREB1;EPHB2;PIK3CA,4,7,PD98059,BCL2,true,inhibition of expression,inhibiting,C5a significantly increased the expression of Bcl2 mRNA...was abrogated in the presence of either wortmannin or PD98059,
0,v1,0,16634840,24,Cyclic adenosine monophosphate;PD98059;Wortmannin;dimethyl sulfoxide,AKT1;BAX;BCL2;C5;CREB1;EPHB2;PIK3CA,4,7,Wortmannin,CREB1,true,inhibition of phosphorylation,inhibiting,Time-dependent effect of C5a on CREB phosphorylation...was abrogated by either wortmannin or PD98059,
0,v1,0,16634840,24,Cyclic adenosine monophosphate;PD98059;Wortmannin;dimethyl sulfoxide,AKT1;BAX;BCL2;C5;CREB1;EPHB2;PIK3CA,4,7,PD98059,CREB1,true,inhibition of phosphorylation,inhibiting,Time-dependent effect of C5a on CREB phosphorylation...was abrogated by either wortmannin or PD98059,
0,v1,0,16634840,24,Cyclic adenosine monophosphate;PD98059;Wortmannin;dimethyl sulfoxide,AKT1;BAX;BCL2;C5;CREB1;EPHB2;PIK3CA,4,7,Wortmannin,PIK3CA,true,inhibition,inhibiting,pretreatment with wortmannin or PD98059...PI3K/Akt and ERK-signalling pathways,
0,v1,0,16634840,24,Cyclic adenosine monophosphate;PD98059;Wortmannin;dimethyl sulfoxide,AKT1;BAX;BCL2;C5;CREB1;EPHB2;PIK3CA,4,7,Wortmannin,AKT1,true,inhibition,inhibiting,"Phosphorylation of CREB, but not of Akt and ERK, was inhibited by alkaline phosphatase...wortmannin",
0,v1,0,16634840,24,Cyclic adenosine monophosphate;PD98059;Wortmannin;dimethyl sulfoxide,AKT1;BAX;BCL2;C5;CREB1;EPHB2;PIK3CA,4,7,dimethyl sulfoxide,EPHB2,false,,,,
0,v1,0,12154028,25,"","",0,0,,,,,,,
0,v1,0,15763593,26,"","",0,0,,,,,,,
0,v1,0,9842975,27,Camptothecin;carmustine;cytarabine;doxorubicin hydrochloride;teniposide;vincristine,BAX;RB1;TCEAL1;TP53,6,4,doxorubicin hydrochloride,BAX,true,association,unclear,association of BAX with higher beta-lapachone sensitivity in acute cytotoxicity assays,
0,v1,0,9842975,27,Camptothecin;carmustine;cytarabine;doxorubicin hydrochloride;teniposide;vincristine,BAX;RB1;TCEAL1;TP53,6,4,Camptothecin,BAX,true,association,unclear,"expression of six BCL-2 family proteins predicted acute cytotoxicity and clonogenic cell death induced by BCNU, vincristine, cytarabine, teniposide, doxorubicin, camptothecin",
0,v1,0,9842975,27,Camptothecin;carmustine;cytarabine;doxorubicin hydrochloride;teniposide;vincristine,BAX;RB1;TCEAL1;TP53,6,4,carmustine,RB1,true,association,unclear,alterations in the p53 and RB pathways...predicted acute cytotoxicity and clonogenic cell death induced by BCNU,
0,v1,0,9842975,27,Camptothecin;carmustine;cytarabine;doxorubicin hydrochloride;teniposide;vincristine,BAX;RB1;TCEAL1;TP53,6,4,vincristine,RB1,true,association,unclear,"alterations in the p53 and RB pathways...predicted acute cytotoxicity and clonogenic cell death induced by BCNU, vincristine",
0,v1,0,9842975,27,Camptothecin;carmustine;cytarabine;doxorubicin hydrochloride;teniposide;vincristine,BAX;RB1;TCEAL1;TP53,6,4,cytarabine,RB1,true,association,unclear,"alterations in the p53 and RB pathways...predicted acute cytotoxicity and clonogenic cell death induced by BCNU, vincristine, cytarabine",
0,v1,0,9842975,27,Camptothecin;carmustine;cytarabine;doxorubicin hydrochloride;teniposide;vincristine,BAX;RB1;TCEAL1;TP53,6,4,teniposide,RB1,true,association,unclear,"alterations in the p53 and RB pathways...predicted acute cytotoxicity and clonogenic cell death induced by BCNU, vincristine, cytarabine, teniposide",
0,v1,0,9842975,27,Camptothecin;carmustine;cytarabine;doxorubicin hydrochloride;teniposide;vincristine,BAX;RB1;TCEAL1;TP53,6,4,doxorubicin hydrochloride,RB1,true,association,unclear,"alterations in the p53 and RB pathways...predicted acute cytotoxicity and clonogenic cell death induced by BCNU, vincristine, cytarabine, teniposide, doxorubicin",
0,v1,0,9842975,27,Camptothecin;carmustine;cytarabine;doxorubicin hydrochloride;teniposide;vincristine,BAX;RB1;TCEAL1;TP53,6,4,Camptothecin,RB1,true,association,unclear,"alterations in the p53 and RB pathways...predicted acute cytotoxicity and clonogenic cell death induced by BCNU, vincristine, cytarabine, teniposide, doxorubicin, camptothecin",
0,v1,0,9842975,27,Camptothecin;carmustine;cytarabine;doxorubicin hydrochloride;teniposide;vincristine,BAX;RB1;TCEAL1;TP53,6,4,carmustine,TP53,true,association,unclear,alterations in the p53 and RB pathways...predicted acute cytotoxicity and clonogenic cell death induced by BCNU,
0,v1,0,9842975,27,Camptothecin;carmustine;cytarabine;doxorubicin hydrochloride;teniposide;vincristine,BAX;RB1;TCEAL1;TP53,6,4,vincristine,TP53,true,association,unclear,"Neither wild-type p53 status, nor p53 protein accumulation...predicted drug sensitivity",
0,v1,0,9842975,27,Camptothecin;carmustine;cytarabine;doxorubicin hydrochloride;teniposide;vincristine,BAX;RB1;TCEAL1;TP53,6,4,cytarabine,TP53,true,association,unclear,"Neither wild-type p53 status, nor p53 protein accumulation...predicted drug sensitivity",
0,v1,0,9842975,27,Camptothecin;carmustine;cytarabine;doxorubicin hydrochloride;teniposide;vincristine,BAX;RB1;TCEAL1;TP53,6,4,teniposide,TP53,true,association,unclear,"Neither wild-type p53 status, nor p53 protein accumulation...predicted drug sensitivity",
0,v1,0,9842975,27,Camptothecin;carmustine;cytarabine;doxorubicin hydrochloride;teniposide;vincristine,BAX;RB1;TCEAL1;TP53,6,4,doxorubicin hydrochloride,TP53,true,association,unclear,"Neither wild-type p53 status, nor p53 protein accumulation...predicted drug sensitivity",
0,v1,0,9842975,27,Camptothecin;carmustine;cytarabine;doxorubicin hydrochloride;teniposide;vincristine,BAX;RB1;TCEAL1;TP53,6,4,Camptothecin,TP53,true,association,unclear,"Neither wild-type p53 status, nor p53 protein accumulation...predicted drug sensitivity",
0,v1,0,15545218,28,diethylstilbestrol,BAD;BAX;E2F1;FASLG;GADD45A;MDM2;RB1;TCEAL1;TNFRSF10B;TNFSF10;TP53,1,11,diethylstilbestrol,BAD,true,expression,activating,bad...were up-regulated...in response to DES treatment in wild-type mice compared to p53+/- knockout mice,
0,v1,0,15545218,28,diethylstilbestrol,BAD;BAX;E2F1;FASLG;GADD45A;MDM2;RB1;TCEAL1;TNFRSF10B;TNFSF10;TP53,1,11,diethylstilbestrol,BAX,true,expression,activating,bax...were up-regulated...in response to DES treatment in wild-type mice compared to p53+/- knockout mice,
0,v1,0,15545218,28,diethylstilbestrol,BAD;BAX;E2F1;FASLG;GADD45A;MDM2;RB1;TCEAL1;TNFRSF10B;TNFSF10;TP53,1,11,diethylstilbestrol,E2F1,true,expression,unclear,E2F1...did not changed in response to DES treatment in wild-type mice compared to p53+/- knockout mice,
0,v1,0,15545218,28,diethylstilbestrol,BAD;BAX;E2F1;FASLG;GADD45A;MDM2;RB1;TCEAL1;TNFRSF10B;TNFSF10;TP53,1,11,diethylstilbestrol,FASLG,true,expression,unclear,FasL...did not changed in response to DES treatment in wild-type mice compared to p53+/- knockout mice,
0,v1,0,15545218,28,diethylstilbestrol,BAD;BAX;E2F1;FASLG;GADD45A;MDM2;RB1;TCEAL1;TNFRSF10B;TNFSF10;TP53,1,11,diethylstilbestrol,GADD45A,true,expression,activating,GADD45...were up-regulated...in response to DES treatment in wild-type mice compared to p53+/- knockout mice,
0,v1,0,15545218,28,diethylstilbestrol,BAD;BAX;E2F1;FASLG;GADD45A;MDM2;RB1;TCEAL1;TNFRSF10B;TNFSF10;TP53,1,11,diethylstilbestrol,MDM2,true,expression,activating,"mdm2...were up-regulated...greatest changes were seen in bad, bcl-x, mdm2, p53 and p21 gene expression",
0,v1,0,15545218,28,diethylstilbestrol,BAD;BAX;E2F1;FASLG;GADD45A;MDM2;RB1;TCEAL1;TNFRSF10B;TNFSF10;TP53,1,11,diethylstilbestrol,RB1,true,expression,activating,Rb...were up-regulated...in response to DES treatment in wild-type mice compared to p53+/- knockout mice,
0,v1,0,15545218,28,diethylstilbestrol,BAD;BAX;E2F1;FASLG;GADD45A;MDM2;RB1;TCEAL1;TNFRSF10B;TNFSF10;TP53,1,11,diethylstilbestrol,TNFSF10,true,expression,activating,trail were up-regulated...in response to DES treatment in wild-type mice compared to p53+/- knockout mice,
0,v1,0,15545218,28,diethylstilbestrol,BAD;BAX;E2F1;FASLG;GADD45A;MDM2;RB1;TCEAL1;TNFRSF10B;TNFSF10;TP53,1,11,diethylstilbestrol,TNFRSF10B,true,expression,unclear,DR5...did not changed in response to DES treatment in wild-type mice compared to p53+/- knockout mice,
0,v1,0,15545218,28,diethylstilbestrol,BAD;BAX;E2F1;FASLG;GADD45A;MDM2;RB1;TCEAL1;TNFRSF10B;TNFSF10;TP53,1,11,diethylstilbestrol,TP53,true,expression,activating,"greatest changes were seen in bad, bcl-x, mdm2, p53 and p21 gene expression in wild-type mice",
0,v1,0,11090099,29,PROPIDIUM;dexamethasone;valine,TP53,3,1,dexamethasone,TP53,true,expression,unclear,Dexamethasone did not significantly change the expression of these genes.,
0,v1,0,10203695,30,CERAMIDE;Cycloheximide;chlorhexidine gluconate;masoprocol,FAS;FASLG;FXN,4,3,CERAMIDE,FAS,true,mimicry/downstream pathway,activating,CD95L-induced glioma cell apoptosis does not involve ceramide generation. Apoptosis induced by exogenous ceramide resembles CD95-mediated apoptosis,
0,v1,0,10203695,30,CERAMIDE;Cycloheximide;chlorhexidine gluconate;masoprocol,FAS;FASLG;FXN,4,3,Cycloheximide,FAS,true,inhibition of apoptosis,inhibiting,cycloheximide (CHX) inhibits rather than potentiates ceramide-induced cell death,
0,v1,0,12543810,31,"","",0,0,,,,,,,
0,v1,0,16297711,32,Beauvericin,BAK1;BAX,1,2,Beauvericin,BAX,true,upregulation,activating,BEA-induced apoptosis in human NSCLC A549 cells was also accompanied by the up-regulation of Bax,
0,v1,0,16297711,32,Beauvericin,BAK1;BAX,1,2,Beauvericin,BAK1,true,upregulation,activating,"BEA-induced apoptosis in human NSCLC A549 cells was also accompanied by the up-regulation of Bax, Bak",
0,v1,0,9402847,33,tretinoin,CD34,1,1,,,,,,,
0,v1,0,11903603,34,"ESTROGENS, CONJUGATED;progesterone",EREG;MUC1;MUC5AC;TMEM37;TP53,2,5,progesterone,MUC1,true,expression regulation,inhibiting,MUC1-negative carcinomas were associated with PR expression and an improved survival,
0,v1,0,16611376,35,Hypoxanthine;folic acid;thymidine,FAS;FXN;TP53,3,3,folic acid,TP53,true,expression regulation,activating,p53 expression was downregulated in folate-deficient lymphocytes... The complete rescue of folate-deficient lymphocytes from apoptosis was achieved by folic acid,
0,v1,0,16611376,35,Hypoxanthine;folic acid;thymidine,FAS;FXN;TP53,3,3,folic acid,FAS,true,expression regulation,activating,folate deficiency was also found to downregulate... Fas antigen... The complete rescue... was achieved by folic acid,
0,v1,0,16611376,35,Hypoxanthine;folic acid;thymidine,FAS;FXN;TP53,3,3,thymidine,TP53,true,expression regulation,activating,"p53 expression was downregulated in folate-deficient lymphocytes... rescue... was achieved by folic acid, thymidine or hypoxanthine",
0,v1,0,16611376,35,Hypoxanthine;folic acid;thymidine,FAS;FXN;TP53,3,3,thymidine,FAS,true,expression regulation,activating,"folate deficiency was also found to downregulate... Fas antigen... rescue... was achieved by folic acid, thymidine or hypoxanthine",
0,v1,0,16611376,35,Hypoxanthine;folic acid;thymidine,FAS;FXN;TP53,3,3,Hypoxanthine,TP53,true,expression regulation,activating,"p53 expression was downregulated in folate-deficient lymphocytes... rescue... was achieved by folic acid, thymidine or hypoxanthine",
0,v1,0,16611376,35,Hypoxanthine;folic acid;thymidine,FAS;FXN;TP53,3,3,Hypoxanthine,FAS,true,expression regulation,activating,"folate deficiency was also found to downregulate... Fas antigen... rescue... was achieved by folic acid, thymidine or hypoxanthine",
0,v1,0,11813903,36,"","",0,0,,,,,,,
0,v1,0,10620631,37,"","",0,0,,,,,,,
0,v1,0,8702992,38,AURINTRICARBOXYLIC ACID;dactinomycin;deferoxamine;nitric oxide,BCL2;CASP1;MAPK8,4,3,AURINTRICARBOXYLIC ACID,MAPK8,true,inhibition,inhibiting,aurintricarboxylic acid...act upstream to inhibit JNK activation,
0,v1,0,8702992,38,AURINTRICARBOXYLIC ACID;dactinomycin;deferoxamine;nitric oxide,BCL2;CASP1;MAPK8,4,3,nitric oxide,MAPK8,true,inhibition,inhibiting,the nitric oxide generator diethylenetriamine nitric oxide...act upstream to inhibit JNK activation,
0,v1,0,8702992,38,AURINTRICARBOXYLIC ACID;dactinomycin;deferoxamine;nitric oxide,BCL2;CASP1;MAPK8,4,3,dactinomycin,MAPK8,true,no effect,unclear,"actinomycin D...promote survival after trophic factor withdrawal, but do not affect JNK activation",
0,v1,0,8702992,38,AURINTRICARBOXYLIC ACID;dactinomycin;deferoxamine;nitric oxide,BCL2;CASP1;MAPK8,4,3,deferoxamine,MAPK8,true,no effect,unclear,"deferoxamine...promote survival after trophic factor withdrawal, but do not affect JNK activation",
0,v1,0,8702992,38,AURINTRICARBOXYLIC ACID;dactinomycin;deferoxamine;nitric oxide,BCL2;CASP1;MAPK8,4,3,dactinomycin,CASP1,true,inhibition,inhibiting,"zVAD-fluoromethylketone (a permeant ICE family inhibitor), actinomycin D...ICE family protease actions, regulated genes required for cell death",
0,v1,0,8572591,39,"","",0,0,,,,,,,
0,v1,0,15485790,40,selenium dioxide,TP53,1,1,selenium dioxide,TP53,true,expression regulation,activating,"SeO(2) can induce apoptosis in NB4, K562 and HL-60 leukemia cells, involving the down-regulation of Bcl-2 and up-regulation of p53.",
0,v1,0,12168721,41,"","",0,0,,,,,,,
0,v1,0,11751483,42,"","",0,0,,,,,,,
0,v1,0,11906253,43,"","",0,0,,,,,,,
0,v1,0,11723237,44,carboplatin;paclitaxel,RELA;SYT1,2,2,paclitaxel,RELA,true,chemosensitization,inhibiting,"the down-regulation of bcl-2 seems to be linked with that of RelA (p65). However, this too is also not sufficient for chemosensitization",
0,v1,0,11723237,44,carboplatin;paclitaxel,RELA;SYT1,2,2,carboplatin,RELA,true,chemosensitization,unclear,only at this concentration can 'chemosensitization' to paclitaxel and carboplatin be observed,
0,v1,0,15869997,45,PROPIDIUM;estramustine;etoposide;vinblastine,BAX;TP53,4,2,etoposide,BAX,true,expression,inhibiting,"bax and bcl-2 proteins were expressed at a basal level in all cell lines, but did not increase after exposure to TD(50) doses of the three drugs",
0,v1,0,15869997,45,PROPIDIUM;estramustine;etoposide;vinblastine,BAX;TP53,4,2,vinblastine,BAX,true,expression,inhibiting,"bax and bcl-2 proteins were expressed at a basal level in all cell lines, but did not increase after exposure to TD(50) doses of the three drugs",
0,v1,0,15869997,45,PROPIDIUM;estramustine;etoposide;vinblastine,BAX;TP53,4,2,estramustine,BAX,true,expression,inhibiting,"bax and bcl-2 proteins were expressed at a basal level in all cell lines, but did not increase after exposure to TD(50) doses of the three drugs",
0,v1,0,15869997,45,PROPIDIUM;estramustine;etoposide;vinblastine,BAX;TP53,4,2,etoposide,TP53,true,functional,unclear,percentage of cells responding to drug-induced apoptosis was...higher in the tumor cell lines...but showed no correlation with p53 status,
0,v1,0,15869997,45,PROPIDIUM;estramustine;etoposide;vinblastine,BAX;TP53,4,2,vinblastine,TP53,true,functional,unclear,percentage of cells responding to drug-induced apoptosis was...higher in the tumor cell lines...but showed no correlation with p53 status,
0,v1,0,15869997,45,PROPIDIUM;estramustine;etoposide;vinblastine,BAX;TP53,4,2,estramustine,TP53,true,functional,unclear,percentage of cells responding to drug-induced apoptosis was...higher in the tumor cell lines...but showed no correlation with p53 status,
0,v1,0,15503311,46,"","",0,0,,,,,,,
0,v1,0,10621853,47,"","",0,0,,,,,,,
0,v1,0,10638174,48,"","",0,0,,,,,,,
0,v1,0,9492007,49,"","",0,0,,,,,,,
0,v1,0,12171907,50,Fosbretabulin Disodium,BAX;CDC25C;CDK1;CHEK1;GADD45A;MDM2;PARP1;TCEAL1;TP53;WEE1,1,10,Fosbretabulin Disodium,TP53,true,expression increase,activating,exposure of WSU-CLL cells to 4 and 5 nM CA4P was associated with overproduction of total p53,
0,v1,0,12171907,50,Fosbretabulin Disodium,BAX;CDC25C;CDK1;CHEK1;GADD45A;MDM2;PARP1;TCEAL1;TP53;WEE1,1,10,Fosbretabulin Disodium,PARP1,true,cleavage,inhibiting,24 h of CA4P (5 nM) exposure induces caspase 9 activation and PARP cleavage,
0,v1,0,12171907,50,Fosbretabulin Disodium,BAX;CDC25C;CDK1;CHEK1;GADD45A;MDM2;PARP1;TCEAL1;TP53;WEE1,1,10,Fosbretabulin Disodium,MDM2,true,expression,unclear,"no dramatic change in MDM2, 14-3-3sigma, GADD45, the cyclin-dependent kinase cdc2",
0,v1,0,12171907,50,Fosbretabulin Disodium,BAX;CDC25C;CDK1;CHEK1;GADD45A;MDM2;PARP1;TCEAL1;TP53;WEE1,1,10,Fosbretabulin Disodium,GADD45A,true,expression,unclear,"no dramatic change in MDM2, 14-3-3sigma, GADD45, the cyclin-dependent kinase cdc2",
0,v1,0,12171907,50,Fosbretabulin Disodium,BAX;CDC25C;CDK1;CHEK1;GADD45A;MDM2;PARP1;TCEAL1;TP53;WEE1,1,10,Fosbretabulin Disodium,BAX,true,expression,unclear,No change in bcl-2 or bax protein expression was observed,
0,v1,0,12171907,50,Fosbretabulin Disodium,BAX;CDC25C;CDK1;CHEK1;GADD45A;MDM2;PARP1;TCEAL1;TP53;WEE1,1,10,Fosbretabulin Disodium,CHEK1,true,phosphorylation,unclear,"no dramatic change in...chk1, or cdc25 hyperphosphorylation",
0,v1,0,12171907,50,Fosbretabulin Disodium,BAX;CDC25C;CDK1;CHEK1;GADD45A;MDM2;PARP1;TCEAL1;TP53;WEE1,1,10,Fosbretabulin Disodium,CDC25C,true,phosphorylation,unclear,"no dramatic change in...chk1, or cdc25 hyperphosphorylation",
0,v1,0,12171907,50,Fosbretabulin Disodium,BAX;CDC25C;CDK1;CHEK1;GADD45A;MDM2;PARP1;TCEAL1;TP53;WEE1,1,10,Fosbretabulin Disodium,CDK1,true,phosphorylation,unclear,"no dramatic change in...the cyclin-dependent kinase cdc2, its inhibitory phosphorylation",
0,v1,0,12171907,50,Fosbretabulin Disodium,BAX;CDC25C;CDK1;CHEK1;GADD45A;MDM2;PARP1;TCEAL1;TP53;WEE1,1,10,Fosbretabulin Disodium,WEE1,true,expression,unclear,"no dramatic change in...the cdc2-inhibitory kinase (wee1), chk1, or cdc25 hyperphosphorylation",
0,v1,0,9098922,51,valproic acid,CREB1;TP53,1,2,valproic acid,CREB1,true,expression change,activating,"significant elevation of Emx-1, Emx-2, c-fos, c-jun, and creb expression",
0,v1,0,9098922,51,valproic acid,CREB1;TP53,1,2,valproic acid,TP53,true,expression change,activating,significant over expression of the cell cycle genes p53 and bcl-2 in the LM/Bc embryos in response to the teratogenic insult,
0,v1,0,12730676,52,"","",0,0,,,,,,,
0,v1,0,10914739,53,"","",0,0,,,,,,,
0,v1,0,10432288,54,calcium;paclitaxel,BAD;BAX;FASLG;FXN,2,4,paclitaxel,FASLG,true,expression induction,activating,Bcl-2 overexpression leads to the prevention of chemotherapy (paclitaxel)-induced expression of FasL and blocks paclitaxel-induced apoptosis,
0,v1,0,10432288,54,calcium;paclitaxel,BAD;BAX;FASLG;FXN,2,4,calcium,FASLG,true,indirect regulation,activating,"calcineurin, a calcium-dependent phosphatase that must dephosphorylate NFAT to move to the nucleus. Without NFAT nuclear translocation, the FasL gene is not transcribed",
0,v1,0,2538824,55,"","",0,0,,,,,,,
0,v1,0,10785598,56,Raltitrexed;Thymidine 5'-triphosphate;raltitrexed,BAX;TBXT;TCEAL1;TP53,3,4,raltitrexed,TP53,true,expression induction,activating,Exposure to ZD1694 (50 and 100 nM) for 24 and 48 h induced p53 and p21 expression in wt p53 cells,
0,v1,0,10785598,56,Raltitrexed;Thymidine 5'-triphosphate;raltitrexed,BAX;TBXT;TCEAL1;TP53,3,4,raltitrexed,BAX,true,expression induction,activating,"In wt p53 cells, both drugs increased Bax expression up to 5-fold, whereas in mt p53 cells, only a very slight induction was found",
0,v1,0,10785598,56,Raltitrexed;Thymidine 5'-triphosphate;raltitrexed,BAX;TBXT;TCEAL1;TP53,3,4,Raltitrexed,TP53,true,expression induction,activating,Exposure to ZD1694 (50 and 100 nM) for 24 and 48 h induced p53 and p21 expression in wt p53 cells,
0,v1,0,10785598,56,Raltitrexed;Thymidine 5'-triphosphate;raltitrexed,BAX;TBXT;TCEAL1;TP53,3,4,Raltitrexed,BAX,true,expression induction,activating,"In wt p53 cells, both drugs increased Bax expression up to 5-fold, whereas in mt p53 cells, only a very slight induction was found",
0,v1,0,16741044,57,SB209670;anhydrous dextrose;citrate;streptozocin,BAX;PCYT2,4,2,streptozocin,BAX,true,expression,unclear,"Levels of Bax and caspase-3, two important proapoptotic markers, were not significantly altered in the present study.",
0,v1,0,16741044,57,SB209670;anhydrous dextrose;citrate;streptozocin,BAX;PCYT2,4,2,SB209670,BAX,true,expression,unclear,"Levels of Bax and caspase-3, two important proapoptotic markers, were not significantly altered in the present study.",
0,v1,0,10696460,58,4-phenylbutyric acid;Therapeutic Androgen,BAX;FXN;TP53,2,3,4-phenylbutyric acid,BAX,true,expression regulation,activating,up-regulation of Bax and Fas proteins,
0,v1,0,10696460,58,4-phenylbutyric acid;Therapeutic Androgen,BAX;FXN;TP53,2,3,4-phenylbutyric acid,TP53,true,expression regulation,inhibiting,p53 was repressed by 70% and Fas elevated sixfold with 10 mM PB,
0,v1,0,16109552,59,Retinoic Acid Agent;acitretin;tazarotene;tretinoin,BAX,4,1,tretinoin,BAX,true,expression regulation,activating,all the three agents significantly increased the number of cells positive for Bax expression,
0,v1,0,16109552,59,Retinoic Acid Agent;acitretin;tazarotene;tretinoin,BAX,4,1,acitretin,BAX,true,expression regulation,activating,all the three agents significantly increased the number of cells positive for Bax expression,
0,v1,0,16109552,59,Retinoic Acid Agent;acitretin;tazarotene;tretinoin,BAX,4,1,tazarotene,BAX,true,expression regulation,activating,all the three agents significantly increased the number of cells positive for Bax expression,
0,v1,0,9141420,60,"","",0,0,,,,,,,
0,v1,0,16749867,61,doxorubicin hydrochloride,BAD;BAX,1,2,doxorubicin hydrochloride,BAX,true,expression,activating,"the expression level of pro-apoptotic members (Bax, Bad) of the Bcl-2 family was increased under the chosen experimental conditions",
0,v1,0,16749867,61,doxorubicin hydrochloride,BAD;BAX,1,2,doxorubicin hydrochloride,BAD,true,expression,activating,"the expression level of pro-apoptotic members (Bax, Bad) of the Bcl-2 family was increased under the chosen experimental conditions",
0,v1,0,19969465,62,activated charcoal;tyrosine,EGF;EGFR,2,2,tyrosine,EGFR,true,inhibition,inhibiting,investigated for their potential to inhibit epidermal growth factor receptor (EGFR) tyrosine kinase activity,
0,v1,0,19969465,62,activated charcoal;tyrosine,EGF;EGFR,2,2,tyrosine,EGF,true,inhibition,inhibiting,These compounds inhibited EGF-mediated phosphorylation of EGFR in A431 cells,
0,v1,0,24565969,63,"","",0,0,,,,,,,
0,v1,0,23328547,64,tyrosine,BRAF;EGFR;ERBB2,1,3,tyrosine,EGFR,true,inhibition (kinase inhibitor),inhibiting,lack of response to EGFR tyrosine kinase inhibitors,
0,v1,0,26773740,65,erlotinib;tyrosine,EGFR,2,1,erlotinib,EGFR,true,inhibition of kinase activity,inhibiting,"Exon 19 deletions and the exon 21 L858R mutation of EGFR predict activity of EGFR tyrosine kinase inhibitors, including erlotinib",
0,v1,0,19692684,66,erlotinib;gefitinib;tyrosine,EGFR,3,1,gefitinib,EGFR,true,inhibition of kinase activity,inhibiting,Activating mutations in EGFR confer hypersensitivity to the tyrosine kinase inhibitors gefitinib and erlotinib,
0,v1,0,19692684,66,erlotinib;gefitinib;tyrosine,EGFR,3,1,erlotinib,EGFR,true,inhibition of kinase activity,inhibiting,Activating mutations in EGFR confer hypersensitivity to the tyrosine kinase inhibitors gefitinib and erlotinib,
0,v1,0,24658966,67,Staurosporine;tyrosine,EGFR,2,1,Staurosporine,EGFR,true,kinase inhibition,inhibiting,Staurosporine exhibits selective inhibitory activity on the T790M and T790M/L858R mutants,
0,v1,0,21233402,68,erlotinib;tyrosine,BRCA1;EGFR,2,2,erlotinib,EGFR,true,targeted therapy,inhibiting,patients harboring epidermal growth factor receptor (EGFR) mutations show impressive progression-free survival when treated with erlotinib,
0,v1,0,21233402,68,erlotinib;tyrosine,BRCA1;EGFR,2,2,erlotinib,BRCA1,true,expression-associated outcome,unclear,Low BRCA1 levels neutralized the negative effect of the T790M mutation and were associated with longer progression-free survival to erlotinib,
0,v1,0,20022809,69,cisplatin;docetaxel anhydrous;gefitinib;platinum;tyrosine,EGFR,5,1,gefitinib,EGFR,true,inhibition,inhibiting,EGFR-specific tyrosine kinase inhibitor gefitinib,
0,v1,0,23816963,70,afatinib;erlotinib;gefitinib,EGFR,3,1,afatinib,EGFR,true,inhibition,inhibiting,"Afatinib, an oral irreversible ErbB family blocker, has preclinical activity in epidermal growth factor receptor (EGFR [ErbB1]) mutant models with EGFR-activating mutations",
0,v1,0,23816963,70,afatinib;erlotinib;gefitinib,EGFR,3,1,erlotinib,EGFR,true,inhibition,inhibiting,patients with NSCLC who had received third- or fourth-line treatment and who progressed while receiving erlotinib and/or gefitinib,
0,v1,0,23816963,70,afatinib;erlotinib;gefitinib,EGFR,3,1,gefitinib,EGFR,true,inhibition,inhibiting,patients with NSCLC who had received third- or fourth-line treatment and who progressed while receiving erlotinib and/or gefitinib,
0,v1,0,22753918,71,dacomitinib anhydrous;erlotinib,EGFR;ERBB2;ERBB4,2,3,dacomitinib anhydrous,EGFR,true,inhibition,inhibiting,"dacomitinib (PF-00299804), an irreversible inhibitor of human epidermal growth factor receptors (EGFR)/HER1",
0,v1,0,22753918,71,dacomitinib anhydrous;erlotinib,EGFR;ERBB2;ERBB4,2,3,dacomitinib anhydrous,ERBB2,true,inhibition,inhibiting,"an irreversible inhibitor of human epidermal growth factor receptors (EGFR)/HER1, HER2, and HER4",
0,v1,0,22753918,71,dacomitinib anhydrous;erlotinib,EGFR;ERBB2;ERBB4,2,3,dacomitinib anhydrous,ERBB4,true,inhibition,inhibiting,"an irreversible inhibitor of human epidermal growth factor receptors (EGFR)/HER1, HER2, and HER4",
0,v1,0,22753918,71,dacomitinib anhydrous;erlotinib,EGFR;ERBB2;ERBB4,2,3,erlotinib,EGFR,true,inhibition,inhibiting,"erlotinib, a reversible EGFR inhibitor",
0,v1,0,16011858,72,gefitinib;tyrosine,EGFR,2,1,gefitinib,EGFR,true,inhibition of tyrosine kinase,inhibiting,The presence of EGFR mutations is a major determinant of gefitinib response,
0,v1,0,2302402,73,"","",0,0,,,,,,,
0,v1,0,26720284,74,"","",0,0,,,,,,,
0,v1,0,15118125,75,gefitinib;tyrosine,EGFR,2,1,gefitinib,EGFR,true,kinase inhibition,inhibiting,Treatment with the EGFR kinase inhibitor gefitinib (Iressa) causes tumor regression in some patients with NSCLC,
0,v1,0,26515464,76,Rociletinib;afatinib;erlotinib;osimertinib,EGFR,4,1,erlotinib,EGFR,true,inhibition,inhibiting,The potency of 1st (erlotinib)... generation EGFR-TKIs was compared in vitro for human lung cancer cell lines... which exogenously express mutated or wild type EGFR,
0,v1,0,26515464,76,Rociletinib;afatinib;erlotinib;osimertinib,EGFR,4,1,afatinib,EGFR,true,inhibition,inhibiting,a wide therapeutic window of afatinib for exon 19 deletions and L858R,
0,v1,0,26515464,76,Rociletinib;afatinib;erlotinib;osimertinib,EGFR,4,1,osimertinib,EGFR,true,inhibition,inhibiting,osimertinib and rociletinib for T790M positive mutations... osimertinib was potent and presented a wide therapeutic window,
0,v1,0,26515464,76,Rociletinib;afatinib;erlotinib;osimertinib,EGFR,4,1,Rociletinib,EGFR,true,inhibition,inhibiting,a wide therapeutic window of... osimertinib and rociletinib for T790M positive mutations,
0,v1,0,19455431,77,erlotinib;gefitinib;lapatinib,EGFR,3,1,erlotinib,EGFR,true,binding/inhibition,inhibiting,Erlotinib had lesser binding affinity against both native and all the 12 mutants.,
0,v1,0,19455431,77,erlotinib;gefitinib;lapatinib,EGFR,3,1,gefitinib,EGFR,true,binding/inhibition,inhibiting,"Gefitinib had maximum binding affinity only with two mutants, viz., R748P and L858R.",
0,v1,0,19455431,77,erlotinib;gefitinib;lapatinib,EGFR,3,1,lapatinib,EGFR,true,binding/inhibition,inhibiting,Lapatinib had maximum binding affinity with both native and other 10 mutants.,
0,v1,0,17653080,78,PP2;gefitinib;tyrosine,EGFR;NPY6R;SRC,3,3,PP2,SRC,true,inhibition,inhibiting,EGFR mutants had different sensitivity to an Src inhibitor PP2,
0,v1,0,17653080,78,PP2;gefitinib;tyrosine,EGFR;NPY6R;SRC,3,3,PP2,EGFR,true,inhibition,inhibiting,cells expressing EGFR-L858R or exon 19 deletion mutants were more sensitive to PP2 than cells expressing wild-type EGFR,
0,v1,0,17653080,78,PP2;gefitinib;tyrosine,EGFR;NPY6R;SRC,3,3,gefitinib,EGFR,true,inhibition,inhibiting,"EGFR with exon 19-deletion/T790M double mutations, which was resistant to gefitinib",
0,v1,0,17653080,78,PP2;gefitinib;tyrosine,EGFR;NPY6R;SRC,3,3,tyrosine,EGFR,true,phosphorylation,activating,"Mutation at tyrosine 869 (845) residue, an Src phosphorylation site, decreased the phosphorylation levels of wild-type EGFR",
0,v1,0,20479403,79,neratinib;tyrosine,ADA2;EGFR,2,2,neratinib,EGFR,true,inhibition,inhibiting,"neratinib, an irreversible pan-ErbB TKI that may overcome T790M",
0,v1,0,15118073,80,adenosine triphosphate;gefitinib;tyrosine,EGFR,3,1,gefitinib,EGFR,true,inhibition,inhibiting,EGFR mutants demonstrated enhanced tyrosine kinase activity... and increased sensitivity to inhibition by gefitinib,
0,v1,0,15118073,80,adenosine triphosphate;gefitinib;tyrosine,EGFR,3,1,adenosine triphosphate,EGFR,true,binding,unclear,amino acid substitutions clustered around the ATP-binding pocket of the tyrosine kinase domain,
0,v1,0,20033049,81,PYRIMIDINE;QUINAZOLINE;adenosine triphosphate,EGFR,3,1,PYRIMIDINE,EGFR,true,covalent inhibition,inhibiting,a covalent pyrimidine EGFR inhibitor by screening an irreversible kinase inhibitor library specifically against EGFR T790M,
0,v1,0,20033049,81,PYRIMIDINE;QUINAZOLINE;adenosine triphosphate,EGFR,3,1,QUINAZOLINE,EGFR,true,competitive inhibition,inhibiting,All current EGFR inhibitors possess a structurally related quinazoline-based core scaffold and were identified as ATP-competitive inhibitors,
0,v1,0,20033049,81,PYRIMIDINE;QUINAZOLINE;adenosine triphosphate,EGFR,3,1,adenosine triphosphate,EGFR,true,competitive inhibition,inhibiting,identified as ATP-competitive inhibitors of wild-type EGFR,
0,v1,0,22215752,82,"","",0,0,,,,,,,
0,v1,0,24623981,83,"","",0,0,,,,,,,
0,v1,0,15728811,84,gefitinib;methionine;threonine,EGFR,3,1,gefitinib,EGFR,true,inhibition,inhibiting,this second mutation led to gefitinib resistance,
0,v1,0,22588155,85,"","",0,0,,,,,,,
0,v1,0,18199554,86,adenosine triphosphate;gefitinib;lapatinib;tyrosine,EGF;EGFR;ERBB2,4,3,lapatinib,EGFR,true,inhibition,inhibiting,EGFR mutations L858R and del15 had a higher K(i) for lapatinib than wild-type EGFR,
0,v1,0,18199554,86,adenosine triphosphate;gefitinib;lapatinib;tyrosine,EGF;EGFR;ERBB2,4,3,lapatinib,EGFR,true,inhibition,inhibiting,EGFR deletion mutants were relatively resistant to lapatinib-mediated inhibition of receptor autophosphorylation,
0,v1,0,18199554,86,adenosine triphosphate;gefitinib;lapatinib;tyrosine,EGF;EGFR;ERBB2,4,3,lapatinib,ERBB2,true,inhibition,inhibiting,Two HER2 insertional variants found in NSCLC were less sensitive to lapatinib inhibition than two HER2 point mutants,
0,v1,0,18199554,86,adenosine triphosphate;gefitinib;lapatinib;tyrosine,EGF;EGFR;ERBB2,4,3,adenosine triphosphate,EGFR,true,binding,unclear,"enzyme activating, increasing the tyrosine kinase V(max) and increasing the K(m)((app)) for ATP",
0,v1,0,18199554,86,adenosine triphosphate;gefitinib;lapatinib;tyrosine,EGF;EGFR;ERBB2,4,3,gefitinib,EGFR,true,inhibition,inhibiting,"EGFR T790M, a receptor variant found in patients with gefitinib-resistant NSCLC",
0,v1,0,16707764,87,"","",0,0,,,,,,,
0,v1,0,25157968,88,"","",0,0,,,,,,,
0,v1,0,24636847,89,afatinib;erlotinib;gefitinib;pemetrexed disodium;tyrosine,EGFR,5,1,gefitinib,EGFR,true,inhibition,inhibiting,"EGFR-TKI such as gefitinib, erlotinib and afatinib has achieved 8-14 months of progression free survival",
0,v1,0,24636847,89,afatinib;erlotinib;gefitinib;pemetrexed disodium;tyrosine,EGFR,5,1,erlotinib,EGFR,true,inhibition,inhibiting,"EGFR-TKI such as gefitinib, erlotinib and afatinib has achieved 8-14 months of progression free survival",
0,v1,0,24636847,89,afatinib;erlotinib;gefitinib;pemetrexed disodium;tyrosine,EGFR,5,1,afatinib,EGFR,true,inhibition,inhibiting,"EGFR-TKI such as gefitinib, erlotinib and afatinib has achieved 8-14 months of progression free survival",
0,v1,0,23948351,90,Icotinib;gefitinib;platinum;tyrosine,EGFR,4,1,Icotinib,EGFR,true,inhibition,inhibiting,"Icotinib, an oral EGFR tyrosine kinase inhibitor, had shown antitumour activity and favourable toxicity",
0,v1,0,23948351,90,Icotinib;gefitinib;platinum;tyrosine,EGFR,4,1,gefitinib,EGFR,true,inhibition,inhibiting,"Icotinib, an oral EGFR tyrosine kinase inhibitor...non-inferior to gefitinib in patients with non-small-cell lung cancer",
0,v1,0,24729716,91,tyrosine,ALK;BRAF;EGFR;EML4;ERBB2;PIK3CA,1,6,,,,,,,
0,v1,0,16043828,92,carboplatin;erlotinib;paclitaxel,EGFR,3,1,erlotinib,EGFR,true,targeted inhibition,inhibiting,"Among erlotinib-treated patients, EGFR mutations were associated with improved response rate (P < .05)",
0,v1,0,18227510,93,adenosine triphosphate;erlotinib;gefitinib;threonine;tyrosine,EGFR,5,1,gefitinib,EGFR,true,binding,inhibiting,T790M mutants retain low-nanomolar affinity for gefitinib,
0,v1,0,18227510,93,adenosine triphosphate;erlotinib;gefitinib;threonine;tyrosine,EGFR,5,1,erlotinib,EGFR,true,binding/inhibition,inhibiting,sterically blocking binding of TKIs such as gefitinib and erlotinib,
0,v1,0,18227510,93,adenosine triphosphate;erlotinib;gefitinib;threonine;tyrosine,EGFR,5,1,adenosine triphosphate,EGFR,true,binding,activating,T790M mutation increases the ATP affinity of the oncogenic L858R mutant by more than an order of magnitude,
0,v1,0,18227510,93,adenosine triphosphate;erlotinib;gefitinib;threonine;tyrosine,EGFR,5,1,threonine,EGFR,true,structural/binding,unclear,"Threonine 790 is the 'gatekeeper' residue, an important determinant of inhibitor specificity in the ATP binding pocket",
0,v1,0,24893891,94,osimertinib;tyrosine,EGFR,2,1,osimertinib,EGFR,true,inhibition,inhibiting,"AZD9291 is a novel oral, potent, and selective third-generation irreversible inhibitor of both EGFRm(+) sensitizing and T790M resistance mutants",
0,v1,0,16204070,95,gefitinib;tyrosine,AKT1;EGF;EGFR;MAPK7,2,4,gefitinib,EGFR,true,inhibition,inhibiting,Gefitinib inhibited the growth of mutant EGFR-transformed Ba/F3 cells.,
0,v1,0,16204070,95,gefitinib;tyrosine,AKT1;EGF;EGFR;MAPK7,2,4,gefitinib,AKT1,true,inhibition,inhibiting,their expression led to the constitutive activation of... AKT... Gefitinib inhibited the growth of mutant EGFR-transformed Ba/F3 cells.,
0,v1,0,16204070,95,gefitinib;tyrosine,AKT1;EGF;EGFR;MAPK7,2,4,gefitinib,MAPK7,true,inhibition,inhibiting,constitutive activation of... ERK5... antiproliferative effect of gefitinib on the EGFR-transformed Ba/F3 cells,
0,v1,0,19147750,96,AEE788;erlotinib;gefitinib,EGFR,3,1,gefitinib,EGFR,true,inhibition,inhibiting,"IC(50) values were calculated for gefitinib, erlotinib, and AEE788... sensitivity of EGFR mutations toward different inhibitors varies significantly",
0,v1,0,19147750,96,AEE788;erlotinib;gefitinib,EGFR,3,1,erlotinib,EGFR,true,inhibition,inhibiting,"IC(50) values were calculated for gefitinib, erlotinib, and AEE788... sensitivity of EGFR mutations toward different inhibitors varies significantly",
0,v1,0,19147750,96,AEE788;erlotinib;gefitinib,EGFR,3,1,AEE788,EGFR,true,inhibition,inhibiting,"IC(50) values were calculated for gefitinib, erlotinib, and AEE788... sensitivity of EGFR mutations toward different inhibitors varies significantly",
0,v1,0,15710947,97,gefitinib;tyrosine,EGFR,2,1,gefitinib,EGFR,true,targeted therapy,inhibiting,EGFR mutation was analyzed... Response rate in patients with EGFR mutation was 64.7%... in contrast to 13.7% in patients without mutation,
0,v1,0,23945392,98,"","",0,0,,,,,,,
0,v1,0,25923550,99,Rociletinib,EGFR,1,1,Rociletinib,EGFR,true,inhibition,inhibiting,Rociletinib (CO-1686) is an EGFR inhibitor active in preclinical models of EGFR-mutated NSCLC with or without T790M.,
